regional_areas,surname,given_names,title,category_of_role,role,institution,institution_city,institution_state,page_number,handwritten_mark,source_image
1,Loughlin,Joseph M.,,,Acting Regional Director of Civilian Defense,First Civilian Defense Area,Boston,Massachusetts,-5-,no,IMG_6336.jpg
1,Kelly,Daniel J.,,,,,Boston,Massachusetts,-5-,no,IMG_6336.jpg
1,Evans,Ruth,Miss,,,Springfield Public Schools,Springfield,Massachusetts,-5-,no,IMG_6336.jpg
1,Osborn,Stanley,Dr.,STATE PHYSICAL FITNESS DIRECTORS,State Health Commissioner,,Hartford,Connecticut,-5-,no,IMG_6336.jpg
1,Prohaska,Charles,Dr.,STATE PHYSICAL FITNESS DIRECTORS,Supervisor of Health Education,,Hartford,Connecticut,-5-,no,IMG_6336.jpg
1,Edwards,C. Harry,,STATE PHYSICAL FITNESS DIRECTORS,Director Physical and Health Education,,Augusta,Maine,-5-,no,IMG_6336.jpg
1,Burroughs,Travis,Dr.,STATE PHYSICAL FITNESS DIRECTORS,,State Board of Health,Concord,New Hampshire,-5-,no,IMG_6336.jpg
1,Lundholm,Carl,,STATE PHYSICAL FITNESS DIRECTORS,Director,Department of Physical Education University of New Hampshire,Durham,New Hampshire,-5-,no,IMG_6336.jpg
1,Aldrich,Alice C.,Mrs.,STATE PHYSICAL FITNESS DIRECTORS,,Department of Education Physical and Health Education,Montpelier,Vermont,-5-,no,IMG_6336.jpg
1,Jakmauh,Paul J.,Dr.,,Commissioner,Board of Public Health State House,Boston,Massachusetts,-6-,no,IMG_6337.jpg
1,Lowis,Charles,Dr.,,Director,Public School Physical Education,Providence,Rhode Island,-6-,no,IMG_6337.jpg
1,Fisher,Samuel H.,Colonel,STATE OFFICE OF CIVILIAN DEFENSE DIRECTORS,Administrator,State Defense Council Room 302 State Armory Broad Street,Hartford,Connecticut,-6-,no,IMG_6337.jpg
1,Adams,Raymond T.,Mr.,STATE OFFICE OF CIVILIAN DEFENSE DIRECTORS,Administrative Director,Maine Civilian Defense Council State House,Augusta,Maine,-6-,no,IMG_6337.jpg
1,Farley,J. W.,Mr.,STATE OFFICE OF CIVILIAN DEFENSE DIRECTORS,Executive Director,Massachusetts Committee on Public Safety 18 Tremont Street,Boston,Massachusetts,-6-,no,IMG_6337.jpg
1,Blood,Robert O.,Honorable,STATE OFFICE OF CIVILIAN DEFENSE DIRECTORS,Chairman,The State Council of Defense,Concord,New Hampshire,-6-,no,IMG_6337.jpg
1,Wilmot,Frederick A.,Mr.,STATE OFFICE OF CIVILIAN DEFENSE DIRECTORS,Executive Secretary,State Council of Defense Room 203 State House,PROVIDENCE,RHODE ISLAND,-6-,yes,IMG_6337.jpg
1,Croc,Albert A.,Mr.,STATE OFFICE OF CIVILIAN DEFENSE DIRECTORS,Executive Vice-Chairman,Vermont Council of Safety Post Office Box 191,Rutland,Vermont,-6-,no,IMG_6337.jpg
2,D'Olier,Franklin,Colonel,OFFICE OF CIVILIAN DEFENSE,Regional Director of Civilian Defense,Port Authority Building,New York,New York,-7-,no,IMG_6338.jpg
2,Saunders,William,Mr.,MAN,,Port Authority Building,New York,New York,-7-,no,IMG_6338.jpg
2,Ives,Kenneth A.,Mrs.,WOMAN,,Port of Authority Building,New York,New York,-7-,no,IMG_6338.jpg
2,Guthrie,Wilson G.,Dr.,STATE PHYSICAL FITNESS DIRECTORS:,Director Physical Education,Trenton Trust Company Building,Trenton,New Jersey,-7-,no,IMG_6338.jpg
2,Jones,Hiram A.,Dr.,STATE PHYSICAL FITNESS DIRECTORS:,,Department of Education,Albany,New York,-7-,no,IMG_6338.jpg
2,Ayers,George W.,,STATE PHYSICAL FITNESS DIRECTORS:,Director of Athletics,State of Delaware,Dover,Delaware,-7-,no,IMG_6338.jpg
2,Cameron,Edwin,Dr.,STATE PHYSICAL FITNESS DIRECTORS:,Executive Secretary,State Board of Health,Dover,Delaware,-7-,no,IMG_6338.jpg
2,Stephen,Audley H. F.,Mr.,STATE OFFICE OF CIVILIAN DEFENSE DIRECTORS,Chairman,New Jersey Defense Council Room 1406 Trenton Trust Building,Trenton,New Jersey,-8-,no,IMG_6339.jpg
2,Corcoran,Thomas L. J.,Mr.,STATE OFFICE OF CIVILIAN DEFENSE DIRECTORS,Secretary,State Council of Defense Capitol,Albany,New York,-8-,no,IMG_6339.jpg
2,Poletti,Charles,Lieutenant Governor,STATE OFFICE OF CIVILIAN DEFENSE DIRECTORS,Vice-Chairman,State Council of Defense State Office Building 80 Centre Street,New York,New York,-8-,no,IMG_6339.jpg
2,Meiklejohn,David S.,Mr.,STATE OFFICE OF CIVILIAN DEFENSE DIRECTORS,Secretary,New York City Defense Council 60 Broadway,New York,New York,-8-,no,IMG_6339.jpg
2,Gassaway,Gorrish,Mr.,STATE OFFICE OF CIVILIAN DEFENSE DIRECTORS,Executive Vice-Chairman,Delaware State Council of Defense 400 Mullin Building,Wilmington,Delaware,-8-,no,IMG_6339.jpg
